,Unnamed: 0,_submission,id,author,body,ups,graham,finn,sanfilippo,campisi,mclaughlin_walsh,casa_italiana,sobrato,swig,flip,camp,casa,walsh,university_villas,nobili,dune
54,54,1d5yi68,l6ostw4,Ch8ngus,Mo clue about being trans but graham and Finn are the best dorms.,6,True,True,False,False,False,False,False,False,False,False,False,False,False,False,False
55,55,1d5yi68,l6oy0fr,5torm,Swig is ‚Äúsustainability‚Äù and Casa is ‚ÄúItalian‚Äù).,3,False,False,False,False,False,False,False,True,False,False,True,False,False,False,False
57,57,1d5yi68,l6seh8v,Affectionate_Dog_600,"Swig, you will find it very inclusive there",-1,False,False,False,False,False,False,False,True,False,False,False,False,False,False,False
132,132,1cqr2oq,l576uig,Skicrazy85,"Each dorm has its own personality, I was in Sobrato when I should have been in Swig/Dunn.",2,False,False,False,False,False,False,True,True,False,False,False,False,False,False,False
170,170,1cm4xod,l36tyz2,Magellan_8888,"It will be quite easy meeting people. I‚Äôm currently a junior, but the civil engineers at scu are perhaps the most social out of all the STEM majors in my grade. People in other classes are also social - I‚Äôm catching up on GE credits, so I‚Äôm taking classes with some freshman and sophomores. I think as long as you yourself are social it won‚Äôt be a problem. If you live on campus, there‚Äôs a decent shot the school will put you in a dorm with other transfer(s). I lived in casa last year (8 person apartment housing) and there was literally a suite of all transfer students.",3,False,False,False,False,False,False,False,False,False,False,True,False,False,False,False
180,180,1cla72q,l2sprzq,Curose,"Finn, villas, sabrato, and Nobili can be competitive.",3,False,True,False,False,False,False,False,False,False,False,False,False,False,True,False
180,180,1cla72q,l2sprzq,Curose,"They get transfer hopes up by only showing the villa housing but when the time comes, and if housing gets a little tight, they'll throw transfers in a Swig 15√ó12 with a roommate on the 9th floor and theres not much you can do about it.",3,False,False,False,False,False,False,False,True,False,False,False,False,False,False,False
182,182,1cla72q,l2vczab,BankUpbeat402,If you don't get villas is it automatic they'll put you in swig? Or might they put you somewhere else,1,False,False,False,False,False,False,False,True,False,False,False,False,False,False,False
236,236,1chxhvo,l25tutx,BaakCoi,Juniors can only live in apartment-style buildings like the villas and Casa.,6,False,False,False,False,False,False,False,False,False,False,True,False,False,False,False
236,236,1chxhvo,l25tutx,BaakCoi,"Finn is for underclassmen only, unless you‚Äôre a CF",6,False,True,False,False,False,False,False,False,False,False,False,False,False,False,False
254,254,1chbf36,l21wcg1,BaakCoi,"The villas are only for upperclassmen, but sophomores can get the apartment plan if they‚Äôre in an apartment-style dorm like Casa. 

I think it‚Äôs easier for juniors to get housing than seniors, but it all depends on how many people apply",2,False,False,False,False,False,False,False,False,False,False,True,False,False,False,False
310,310,1c9p9zy,l0pnjrs,iSezdis,"My child went to a sports camp at UCSC and the campus is like camping, the dorms were crap old (there is a new engineering building now), and it's amongst huge Redwood trees, seems like a campsite. SCU's campus is so well-manicured. The differences in campuses are like going to a summer camp vs. a resort.

UCSC Banana Slugs used to be the school with no grades, they are hippies but still Californians. He should tour the campuses while they are in session so he can get the vibe of the students, they are almost opposite.

UC's are huge. UC and CalState students know that it will be 5 years till graduation because it's so impacted that it's difficult to get classes. This has been going on since the 1980s. Everything is a fight: food lines, class registration, etc. And yes, UCs have TAs teaching and lines a mile long to speak to the professor, versus SCU, where the professors are easily accessible during office hours and answer emails.

SCU is a beautiful campus. Because SCU doesn't want to be a commuter school, there is a mandatory 2-year dorm stay and no freshmen parking passes. SCU has a lot of businesses nearby: many diverse restaurants and a Target on El Camino Real, 10 minutes from campus (but you need a car, Zipcar, or Uber). Two malls 10 minutes from campus:¬†[Westfield](https://www.westfield.com/united-states/valleyfair)¬†and¬†[Santana Row](http://www.santanarow.com/), a Safeway grocery store literally across the street from campus, Taco Bell, pizza, wraps, Ike's sandwiches and other eats across the street from campus. 

Your son should tour both campuses while they are in session and feel the vibe of the student population. SCU has smaller classes than UCs and the professors are accessible. Maybe he can shadow with a business student for a day. 

If UCSC has no business school and that is his major, it seems silly to chose that campus. Most schools have business majors, he didn't get accepted into any other schools? Arizona State? 

College is a time to mature, have good experiences and memories but not at the sacrifice of unsurmountable debt.",3,False,False,False,False,False,False,False,False,False,True,False,False,False,False,False
431,431,1c22i9j,kzbc0yn,iSezdis,"""UC Santa Cruz's campus it looks amazing."" Don't quite understand this statement. My child went to a sports camp at UCSC and the campus is like camping, the dorms were crap old, and it's amongst huge trees, seems like a campsite. SCU's campus is so well-manicured. The differences in campuses are like going to a summer camp vs. a resort.

As far as staying in the area where you grew up, going away to experience a different region is overrated unless it's a big city school. You are talking about two campuses which are only 40 minutes apart in distance. UCSC Banana Slugs used to be the school with no grades, they are hippies but still Californians. Unless you are a hippie, you might like SCU better. Going away to a college in a city would be a different experience.

UC's are huge. UC and CalState students know that it will be 5 years till graduation because it's so impacted that it's difficult to get classes. This has been going on since the 1980s. Everything is a fight: food lines, class registration, etc. And yes, UCs have TAs teaching and lines a mile long to speak to the professor, versus SCU, where the professors are easily accessible during office hours and answer emails.

Guessing you are pre-med? Did you think of going to a school that has a med school like UCD? Maybe SCU has an affiliation with a hospital for pre-meds.",3,False,False,False,False,False,False,False,False,False,True,False,False,False,False,False
452,452,1c0ogl0,kyy5197,Legend225,Campisi,6,False,False,False,True,False,False,False,False,False,False,False,False,False,False,False
453,453,1c0ogl0,kyy70mx,JJYellowShorts,"If you really don‚Äôt want to clean your own bathroom, but also don‚Äôt want a shitty dorm like swig or dunne, I‚Äôd go with Campisi or San Filippo.",3,False,False,False,True,False,False,False,True,False,False,False,False,False,False,False
455,455,1c0ogl0,kzsy21e,iSezdis,"No, the newer dorms all have their own bathrooms. I don't know why colleges that renovate don't have communal bathrooms, maybe it saves them money on paying janitors. Swig is perhaps the least desirable dorm. Dunne is like Swig but has air conditioning; their bathrooms are better than Swig's. Don't know about the other dorms.",1,False,False,False,False,False,False,False,True,False,False,False,False,False,False,False
458,458,1c0ogl0,kzsyepv,iSezdis,"Wouldn't call it ""modern"", it's old school but the good thing with communal bathrooms is that they are cleaned by staff and students have a chance to meet each other more. Finne and Graham are new and modern but everyone keeps their doors closed because their bathrooms are inside, not down the hallway; people complain about the loneliness.",1,True,False,False,False,False,False,False,False,False,False,False,False,False,False,False
581,581,1bs6ua8,kxevg8q,letusc4968,Graham and Finn.,6,True,True,False,False,False,False,False,False,False,False,False,False,False,False,False
585,585,1bs6ua8,kxikoyn,jessicq1,do you mind ranking the dorms after finn and graham?,1,True,True,False,False,False,False,False,False,False,False,False,False,False,False,False
586,586,1bs6ua8,kxili3u,letusc4968,"I‚Äôd say Graham, Finn, sobrato, mcwalsh-I lived here, are at the top and probably dunne and swig at the bottom.",0,True,True,False,False,False,False,True,True,False,False,False,False,False,False,False
586,586,1bs6ua8,kxili3u,letusc4968,I don‚Äôt know much about campisi or sanflippo but they have roughly the same layout as mcwalsh.,0,False,False,False,True,False,False,False,False,False,False,False,False,False,False,False
616,616,1bqw06l,kx83xxc,iSezdis,* My oldest son attended BU for a summer camp and the administration was very incompetent (in 2013).,1,False,False,False,False,False,False,False,False,False,True,False,False,False,False,False
616,616,1bqw06l,kx83xxc,iSezdis,"* BU's Warren Towers is about the same as SCU's Swig Hall, both have no air conditioning and there is humidity in Boston.",1,False,False,False,False,False,False,False,True,False,False,False,False,False,False,False
697,697,1bmxuwd,kwepzjq,teaghad,Graham and Finn are by far the nicest dorms at SCU,4,True,True,False,False,False,False,False,False,False,False,False,False,False,False,False
698,698,1bmxuwd,kweq9px,Fuzzy-Ad-9788,I don‚Äôt think freshmen can live in the casa singles but I might be wrong ‚Ä¶ I would choose graham,4,True,False,False,False,False,False,False,False,False,False,True,False,False,False,False
699,699,1bmxuwd,kx32i3k,ABC-in-NorCal,"Whatever you choose, you will have the option to stay the next year so you should choose a good one like Graham or Casa.",1,True,False,False,False,False,False,False,False,False,False,True,False,False,False,False
699,699,1bmxuwd,kx32i3k,ABC-in-NorCal,"If you get McWalsh or Dunne, it will be difficult to get Graham or Casa the next year because those who had it in freshman year will choose to stay again so there is no room for transfers.",1,True,False,False,False,False,False,False,False,False,False,True,False,False,False,False
700,700,1bmxuwd,kwff6sr,Frosty_Switch_6537,Ur right - singles in casa r not for first years,1,False,False,False,False,False,False,False,False,False,False,True,False,False,False,False
772,772,1bjgtku,kvricjn,Frosty_Switch_6537,"
McLaughlin/Walsh is what you‚Äôre looking for I think.",4,False,False,False,False,False,False,False,False,False,False,False,True,False,False,False
772,772,1bjgtku,kvricjn,Frosty_Switch_6537,"It‚Äôs similar to swig with social life - but you will be able to sleep, and its location doesn‚Äôt attract a bunch of drunk kids from swig that will trash the place haha üòÖ",4,False,False,False,False,False,False,False,True,False,False,False,False,False,False,False
773,773,1bjgtku,kvrik9o,Frosty_Switch_6537,"Swig is rlly good for Greek like recruitment though, and has a good social scene/party life",3,False,False,False,False,False,False,False,True,False,False,False,False,False,False,False
808,808,1bhjsa3,kvipx64,missionbmw,"You get placed in either Graham, Finn, Dunne, or McLaughlin-Walsh.",1,True,True,False,False,False,False,False,False,False,False,False,True,False,False,False
809,809,1bhjsa3,kvrviop,NeatIndication5504,Actually casa not Finn - my child in honors program submitted their housing choice by the deadline with a roommate and received their first choice.,1,False,True,False,False,False,False,False,False,False,False,True,False,False,False,False
809,809,1bhjsa3,kvrviop,NeatIndication5504,"I suspect they do place the honors and leads kids first just to make sure they have room in those dorms - but they spread them evenly - so if 50 of the 76 kids want graham, only 25 will get it, you know?",1,True,False,False,False,False,False,False,False,False,False,False,False,False,False,False
811,811,1bh9dfi,kvccte8,BaakCoi,"No, you‚Äôre restricted to a few dorms because your dorm is related to the ctw you take. It‚Äôs for the best, you probably don‚Äôt want to stay in swig anyway",4,False,False,False,False,False,False,False,True,False,False,False,False,False,False,False
812,812,1bh9dfi,kven4ku,DoubtlessCar0,Don‚Äôt stay in Swig‚Ä¶it‚Äôs probably the worst dorm.,2,False,False,False,False,False,False,False,True,False,False,False,False,False,False,False
812,812,1bh9dfi,kven4ku,DoubtlessCar0,Everyone prefers either Finn or Sobrato and I‚Äôve heard good stuff about Casa.,2,False,True,False,False,False,False,True,False,False,False,True,False,False,False,False
834,834,1bf62mi,kuyb6bl,JJYellowShorts,"Sobrato, because its mostly singles.",4,False,False,False,False,False,False,True,False,False,False,False,False,False,False,False
834,834,1bf62mi,kuyb6bl,JJYellowShorts,"Then Casa, because it also has the suite style like sobrato.",4,False,False,False,False,False,False,True,False,False,False,True,False,False,False,False
834,834,1bf62mi,kuyb6bl,JJYellowShorts,"Then Campisi, then walsh, then flip.",4,False,False,False,True,False,False,False,False,True,False,False,True,False,False,False
834,834,1bf62mi,kuyb6bl,JJYellowShorts,Flip has no AC.,4,False,False,False,False,False,False,False,False,True,False,False,False,False,False,False
834,834,1bf62mi,kuyb6bl,JJYellowShorts,"Campisi is just a better version of flip, it has AC and a nicely renovated basement.",4,False,False,False,True,False,False,False,False,True,False,False,False,False,False,False
834,834,1bf62mi,kuyb6bl,JJYellowShorts,"I don't know much about walsh, ive only been inside once, but it seems nice enough",4,False,False,False,False,False,False,False,False,False,False,False,True,False,False,False
835,835,1bf62mi,kuz3yl3,Futurebass_Guy919,"This is an unpopular opinion, but I think Campisi is one of the best dorms for freshman/sophomore year, for reasons you might not think about. I liked Campisi for the media room(we would hook up DJ equipment), location in the center of campus near Benson, but most importantly, the layout allowed for a great community. 

On the second floor there is a big lounge area, and people would always be hanging out in the lounge because your room is just a standard 2 person dorm and is small. Because of that, you really get to know everyone in your dorm fairly quickly, and it almost feels like frat/sorority by the end of it if you engage with people. Some of my greatest memories are from doing random shit with random people in the dorm, and my best friends on Campus to date are people I met on the 2nd floor of Campisi. 

So to sum it up, Campisi is good because of the design that promotes community, since the other dorms don't have a large common area/are more set up like ""suites"" where you share a 8 person ""mini house"" basically.",3,False,False,False,True,False,False,False,False,False,False,False,False,False,False,False
836,836,1bf62mi,kuz4eeg,Futurebass_Guy919,"The worse dorms really depends on you though:

\- Swig: sucks if you don't like staying up late and constant shenanigans.",3,False,False,False,False,False,False,False,True,False,False,False,False,False,False,False
836,836,1bf62mi,kuz4eeg,Futurebass_Guy919,"\- Casa: If ur not a stoner, probably won't like being around here at night lmao.",3,False,False,False,False,False,False,False,False,False,False,True,False,False,False,False
836,836,1bf62mi,kuz4eeg,Futurebass_Guy919,"I didn't like the suite design of Casa, but that's preference.",3,False,False,False,False,False,False,False,False,False,False,True,False,False,False,False
836,836,1bf62mi,kuz4eeg,Futurebass_Guy919,"\- Walsh: Just run down, creepy, and nothing good about it

\- Flip: Just ""shittier"" Campisi basically.",3,False,False,False,True,False,False,False,False,True,False,False,True,False,False,False
837,837,1bf62mi,kuy89sv,Bonkers_25,"1. mclaughlin (also called ""mcwalsh"" because it's connected to walsh lol)
2. casa
3. sobrato
4. sanfilippo (nicknamed ""the flip"")
5. campesi

i was in the flip freshman year.",2,False,False,True,False,False,False,True,False,True,False,True,True,False,False,False
837,837,1bf62mi,kuy89sv,Bonkers_25,i was in casa senior year and i loved it.,2,False,False,False,False,False,False,False,False,False,False,True,False,False,False,False
837,837,1bf62mi,kuy89sv,Bonkers_25,i would also consider finn and graham for you.,2,True,True,False,False,False,False,False,False,False,False,False,False,False,False,False
837,837,1bf62mi,kuy89sv,Bonkers_25,finn is super new (opened in like 2021 i think) and really really nice.,2,False,True,False,False,False,False,False,False,False,False,False,False,False,False,False
837,837,1bf62mi,kuy89sv,Bonkers_25,graham is also really nice.,2,True,False,False,False,False,False,False,False,False,False,False,False,False,False,False
838,838,1bf62mi,kv2y3uo,Long_Slong69,Swig is the best and the most quiet as everything that you would wanr,1,False,False,False,False,False,False,False,True,False,False,False,False,False,False,False
839,839,1bf62mi,kvenotp,DoubtlessCar0,"Oh Sobrato by far. In your second year you are guaranteed a flat with a full kitchen, sure you won‚Äôt have a double, but trust me, after your first year, you won‚Äôt want one. I‚Äôve literally never heard a single person complain about Sobrato except for the laundry machines. They also have some good events, that‚Äôs actually where I met my current group of friends.",1,False,False,False,False,False,False,True,False,False,False,False,False,False,False,False
841,841,1bf62mi,kwjs6h6,Last-Balance2456,Do you know if you can do Sobrato as a freshman?,1,False,False,False,False,False,False,True,False,False,False,False,False,False,False,False
841,841,1bf62mi,kwjs6h6,Last-Balance2456,"I'm leaning towards Finn, Graham, and Sobrato just didn't know which is the best first year",1,True,True,False,False,False,False,True,False,False,False,False,False,False,False,False
842,842,1bf57rd,kuy6dpi,Bonkers_25,I graduated a few years ago but I think Finn or Graham would be what you would want.,3,True,True,False,False,False,False,False,False,False,False,False,False,False,False,False
842,842,1bf57rd,kuy6dpi,Bonkers_25,Finn was just built in 2021 or around there and is really nice,3,False,True,False,False,False,False,False,False,False,False,False,False,False,False,False
843,843,1bf57rd,kuy6go9,Present_Constant1264,Dunne has all of those. Well its an old building but it has been renovated. Graham can be social depending on who you ask. Ive never lived in either.,3,True,False,False,False,False,False,False,False,False,False,False,False,False,False,False
844,844,1bf57rd,kuy447x,lucatitoq,Graham. However you may not get into it tho bc many want it (upperclassmen get priority),5,True,False,False,False,False,False,False,False,False,False,False,False,False,False,False
846,846,1bf57rd,kuy6bfl,Present_Constant1264,"Idk if upperclassmen are allowed to live in graham, or any dorm unless they‚Äôre cf",2,True,False,False,False,False,False,False,False,False,False,False,False,False,False,False
978,978,1as2qo6,krl7yvv,iSezdis,"SCU has the mandatory 2-year dorm stay so that it doesn't become a commuter college and ghost town on weekends. Some people do petition to move off campus and are allowed to. Unfortunately, I don't know what excuses they use. Maybe you could talk to Housing and stay in a single in Sobrato?",1,False,False,False,False,False,False,True,False,False,False,False,False,False,False,False
1034,1034,1aj4erk,kpee7ta,kickbuttowski_89,"Pretty big as that department has the maximum international students. If you are worried about student to teacher ratio, it is usually 1:40 in the most popular classes. Or was the case when I was an MS student 5 years ago. Back then we did not have much space as the new engineering Sobrato building was still under construction and most classrooms on campus were small. In comparison my spouse studied in SJSU and had anywhere between 50-100 folks in class.",2,False,False,False,False,False,False,True,False,False,False,False,False,False,False,False
1077,1077,197tnjr,ki2wmgb,JJYellowShorts,"For dorms, first there is Swig.",6,False,False,False,False,False,False,False,True,False,False,False,False,False,False,False
1077,1077,197tnjr,ki2wmgb,JJYellowShorts,"Dunne is like a milder swig, same with McWalsh.",6,False,False,False,False,False,False,False,True,False,False,False,False,False,False,False
1077,1077,197tnjr,ki2wmgb,JJYellowShorts,"San Fillippo and Campisi don't have the greatest facilities, but both are good mediums balancing social life and the abilioty to have a nice room to yourself and actually be able to sleep.",6,False,False,False,True,False,False,False,False,False,False,False,False,False,False,False
1077,1077,197tnjr,ki2wmgb,JJYellowShorts,"Then there's graham and finn, the most competitive of dorms.",6,True,True,False,False,False,False,False,False,False,False,False,False,False,False,False
1077,1077,197tnjr,ki2wmgb,JJYellowShorts,"Lastly, there is Casa Italiana and Sobrato, not too much of a social life, but nice amenities and facilities, and Sobrato has a lot of singles.",6,False,False,False,False,False,False,True,False,False,False,True,False,False,False,False
1078,1078,197tnjr,ki5hw5u,letusc4968,"1) it‚Äôs not anything super crazy or exclusive so if your interested it could be something to add to your resume. You get priority class registrations which is a bonus.

2) I definitely recommend joint a club within your major or interests and then if you play any sports the club sports are a phenomenal way to make friends and build a community. I‚Äôm in both and I can strongly say that‚Äôs how I made most of my friends. Be friendly in your dorm aswell that can help.

3) classes are smaller which makes it so much easier to connect with your professor and you get to know people in you major quickly once you get to upper divs 

4) really it‚Äôs only swig and dunne that aren‚Äôt the best. Swig has the reputation but dunne is on the corner of the street and is extremely loud on Friday nights. I lived in mcwalsh both my freshman and sophomore and I didn‚Äôt party really and I really enjoyed it.

5) parties are easy to get in if your a girl, sometimes they‚Äôll be at ‚Äúmax capacity‚Äù and then they don‚Äôt let anyone in. The first week and some holidays they let guys in. The darties (sat frat parties) I don‚Äôt think are too good. But on Halloween the parties are exciting and it‚Äôs really just what you make of it.

The experience at SCU is what you make it! People are friendly here and there‚Äôs communities for everyone. So definitely go out of your way to participate. Follow all the club and university instagrams bc there are SO MANY events like guest speakers, performances shows, drag shows and so much more. Put yourself out there and you will make friends :)",3,False,False,False,False,False,False,False,True,False,False,False,False,False,False,False
1081,1081,197tnjr,l3gz7ta,0414bc,"Hi, I am an incoming freshman and was wondering if I put Graham and Finn as my top two priorities, would I be able to get it?",1,True,True,False,False,False,False,False,False,False,False,False,False,False,False,False
1085,1085,197tnjr,ki35rir,JJYellowShorts,"oh yea, Swig and San Fillippo are the only ones that don't have AC. Trust me though, the bay area has some of the best weather in the world. Not having AC will only be an issue the first week of school and the last few weeks of school. Don't let not having AC be a dealbreaker",4,False,False,False,False,False,False,False,True,False,False,False,False,False,False,False
1089,1089,197w7ja,ki4loi0,holiztic,"And if my son gets into honors, that means his first choice is already gone (Finn) so I hope he gets his second‚ÄîGraham!",1,True,True,False,False,False,False,False,False,False,False,False,False,False,False,False
1090,1090,197w7ja,ki4l509,JJYellowShorts,"That is completely false. I have friends that put Swig as #8 and still got placed in it. I was also put into San Filippo and that was my #4. Please contact the housing portal support or whatever, the EXACT same thing happened to me last year.",5,False,False,False,False,False,False,False,True,False,False,False,False,False,False,False
1092,1092,197w7ja,ki6syrn,Dire1905,"My roommate and I decided to do housing on DAY OF application opening, Graham as #1 and Finn as #2, thankfully we got placed into Graham!",2,True,True,False,False,False,False,False,False,False,False,False,False,False,False,False
1102,1102,194z1q8,khmphg7,letusc4968,"For housing application I‚Äôm pretty sure you rank what dorms you‚Äôre interested in. The singles are very expensive, if you can afford it then go head but I‚Äôm pretty sure you can‚Äôt pick the actual rooms when you apply as a freshman but I could be wrong.

To avoid the party scene don‚Äôt pick swig cuz it‚Äôs the ‚Äúparty‚Äù dorm and don‚Äôt pick dunne bc it‚Äôs right on the corner of the street where students go out to frats and it can get really loud. Otherwise from what I know all the other dorms are pretty good. Party vibes are bond to be in every dorm so you can‚Äôt totally avoid it.",3,False,False,False,False,False,False,False,True,False,False,False,False,False,False,False
1103,1103,194z1q8,kpe3y9i,-lmayonnaise-,I‚Äôd recommend McLaughlin-Walsh or Finn depending on which living arrangement u prefer.,2,False,True,False,False,False,False,False,False,False,False,False,True,False,False,False
1103,1103,194z1q8,kpe3y9i,-lmayonnaise-,Finn is super hard to get in to cuz it‚Äôs a brand new one that‚Äôs soooo nice inside.,2,False,True,False,False,False,False,False,False,False,False,False,False,False,False,False
1129,1129,192uxd1,kh50ckv,BaakCoi,Graham and Finn (mini suites) are easily the best.,3,True,True,False,False,False,False,False,False,False,False,False,False,False,False,False
1131,1131,192uxd1,kh5zcma,,"I'm class of 2027. I'm very introverted. Swig is very ""social"". As in nonstop mini-parties in dorms mixed with nonstop chatter because people are preparing to go to a bigger party somewhere else. When talking with 2 Juniors, one said ""I've never been to Swig"" and the other said, ""good, keep it that way"". You're probably not as much of a molerat as me, but even social people get sick of it. We all need to sleep and it's hard in Swig.",2,False,False,False,False,False,False,False,True,False,False,False,False,False,False,False
1132,1132,192uxd1,kh5zxjh,YoCaliBro,I lived in Graham my first 2 years and loved it.,2,True,False,False,False,False,False,False,False,False,False,False,False,False,False,False
1132,1132,192uxd1,kh5zxjh,YoCaliBro,"If you want to party, Swig is the obvious choice, but not a very nice place to live.",2,False,False,False,False,False,False,False,True,False,False,False,False,False,False,False
1132,1132,192uxd1,kh5zxjh,YoCaliBro,"Finn was built the year after I graduated, so I can't speak to it, but newer is usually nicer.",2,False,True,False,False,False,False,False,False,False,False,False,False,False,False,False
1132,1132,192uxd1,kh5zxjh,YoCaliBro,Sobrato seems like the best place for people who like to keep to themselves.,2,False,False,False,False,False,False,True,False,False,False,False,False,False,False,False
1132,1132,192uxd1,kh5zxjh,YoCaliBro,Dunne is like a knockoff swig.,2,False,False,False,False,False,False,False,True,False,False,False,False,False,False,False
1133,1133,192uxd1,kh6tedq,Rowan926,"Dunno why no one‚Äôs mentioning sobrato. Sobrato‚Äôs really nice because you can have a single bedroom but still be social since you share 2 bathrooms and a common room with your 5 suitemates. Means you have privacy and it‚Äôs quiet, but you still have people to talk to.",2,False,False,False,False,False,False,True,False,False,False,False,False,False,False,False
1134,1134,192uxd1,kh58ln9,Funkymonkey4rl,"Finn 
2.",1,False,True,False,False,False,False,False,False,False,False,False,False,False,False,False
1134,1134,192uxd1,kh58ln9,Funkymonkey4rl,"Graham 
3.",1,True,False,False,False,False,False,False,False,False,False,False,False,False,False,False
1135,1135,192uxd1,kh6ros0,iSezdis,"In sophomore year, you can choose to stay in your same room again, thus, those who are in the nicer dorms like Finn and Graham, usually stay.",1,True,True,False,False,False,False,False,False,False,False,False,False,False,False,False
1135,1135,192uxd1,kh6ros0,iSezdis,"For instance, my son was in Swig for the social in freshman year and for sophomore year he couldn't get into Finn, Graham, or any other dorm but Dunne because most people stayed in their dorms for the next year so nothing was available despite him having a decent housing selection time.",1,True,True,False,False,False,False,False,True,False,False,False,False,False,False,False
1135,1135,192uxd1,kh6ros0,iSezdis,"As far as Swig, his only complaint was that the room was too small, it wasn't super loud, he even studied in his room, although it was still social.",1,False,False,False,False,False,False,False,True,False,False,False,False,False,False,False
1135,1135,192uxd1,kh6ros0,iSezdis,Dunne is only 5 floors while Swig is 11 floors so the elevators are faster at Dunne and there is air conditioning at Dunne and it has communal bathrooms so it's still social.,1,False,False,False,False,False,False,False,True,False,False,False,False,False,False,False
1135,1135,192uxd1,kh6ros0,iSezdis,"If you think you might go Greek or somehow have friend connections and don't need to meet them in the dorm, it could be better to choose Finn, Graham, or other so you can get the same room the next year.",1,True,True,False,False,False,False,False,False,False,False,False,False,False,False,False
1136,1136,192uxd1,khj4q8j,GroundbreakingRow163,"Live in Graham, Finn or Dunne then go to hang out at Swig if you want to party but go back to your nice quiet room to sleep üòâ",1,True,True,False,False,False,False,False,True,False,False,False,False,False,False,False
1139,1139,192uxd1,kh606lt,YoCaliBro,"If you're an introvert, avoid Swig like the plague. Your popular friends will probably live there, and you won't envy them.",3,False,False,False,False,False,False,False,True,False,False,False,False,False,False,False
1142,1142,192uxd1,kh7ockh,holiztic,Can freshman get a single bedroom in a suite grouping like that in Sobrato?,1,False,False,False,False,False,False,True,False,False,False,False,False,False,False,False
1144,1144,192uxd1,kh60top,,">avoid

bro I live in swig üíÄüíÄüò≠üò≠",1,False,False,False,False,False,False,False,True,False,False,False,False,False,False,False
1153,1153,192wvcv,kh5yzed,,"You could probably dance in the dance facility at odd hours, like at night. Also in the basement of Swig there is a dance room with mirrors.",3,False,False,False,False,False,False,False,True,False,False,False,False,False,False,False
1154,1154,190p5xu,kgqy1ib,Present_Constant1264,"Salad bar is priced by plate, and contains chicken, eggs, bagels, ice cream, etc. Dining hall is expensive and frankly tastes bad. You pay with dining points, ~$2000 per quarter. I spend most of mine at the cellar market which is like a mini grocery store in the basement. The prices are ludicrous, at times something that costs $6 at the cellar costs $3 at safeway. But then again, you pay with dining points. Safeway is great, but its a hassle to have to carry groceries from Safeway to dorm. Also my dorm has a communal kitchen (swig/dunne/mcwalsh) which are pretty gross. I love santa clara but I admit the food situation is tough. Also eating out is expensive. The restaurants around here are really good but pricey, and doordash fees are high in the bay area.",6,False,False,False,False,False,False,False,True,False,False,False,False,False,False,False
1159,1159,190p5xu,kh4wd4o,SwedishAviator,Tell him to put Finn as his first choice for a res hall. There are 4 full size kitchens and the building is brand new. I also eat a lot and I‚Äôd make a meal or two a week and eat out a couple times and I ran out of points right at the end of the quarter.,2,False,True,False,False,False,False,False,False,False,False,False,False,False,False,False
1212,1212,18r54yy,kf1nh9o,5torm,In Sobrato there‚Äôs one in the back building.,5,False,False,False,False,False,False,True,False,False,False,False,False,False,False,False
1212,1212,18r54yy,kf1nh9o,5torm,Casa Italiana also definitely has one.,5,False,False,False,False,False,False,False,False,False,False,True,False,False,False,False
1214,1214,18r54yy,kh61k1h,,"There is a piano in the basement of Swig, 5th floor of Swig, in the multifaith worship room in St. Joseph's Hall, in Casa Italiana, and more that other people can mention.",2,False,False,False,False,False,False,False,True,False,False,True,False,False,False,False
1215,1215,18r54yy,kf1okxu,-lmayonnaise-,"Yep, there‚Äôs a piano in first floor casa, I used to hear people playing there all the time :)",4,False,False,False,False,False,False,False,False,False,False,True,False,False,False,False
1421,1421,16ktx46,k13exoi,YoCaliBro,I often sat in the palace of Graham wishing I had the social life my friends in Swig did üòÇ,9,True,False,False,False,False,False,False,True,False,False,False,False,False,False,False
1422,1422,16ktx46,k4e7l2l,Real-male-,Years ago Swig Hall was for freshmen only.,4,False,False,False,False,False,False,False,True,False,False,False,False,False,False,False
1422,1422,16ktx46,k4e7l2l,Real-male-,The fact that freshmen can get into Finn or the nicer dorms allows them to stay in their same room the next year.,4,False,True,False,False,False,False,False,False,False,False,False,False,False,False,False
1422,1422,16ktx46,k4e7l2l,Real-male-,"Therefore, anyone who is in Swig will never get into any of the nicer dorms because they will be taken by the sophomores who grab their same rooms from freshman year.",4,False,False,False,False,False,False,False,True,False,False,False,False,False,False,False
1422,1422,16ktx46,k4e7l2l,Real-male-,"If you are in Swig on the street side and the heat is too brutal, you can get one of those air conditioners with the hose such as this: [https://www.bestbuy.com/site/whynter-400-sq-ft-portable-air-conditioner-and-heater-frost-white/1269061.p?skuId=1269061](https://www.bestbuy.com/site/whynter-400-sq-ft-portable-air-conditioner-and-heater-frost-white/1269061.p?skuId=1269061) All the while Housing told me that ACs are perfectly okay, our RA charged me $50 during the Winter Break room check.",4,False,False,False,False,False,False,False,True,False,False,False,False,False,False,False
1422,1422,16ktx46,k4e7l2l,Real-male-,I thought the social life would be great at Swig but it all depends on the students.,4,False,False,False,False,False,False,False,True,False,False,False,False,False,False,False
1422,1422,16ktx46,k4e7l2l,Real-male-,"Finn, Graham, and other dorms are extremely quiet so meeting people is more difficult.",4,True,True,False,False,False,False,False,False,False,False,False,False,False,False,False
1422,1422,16ktx46,k4e7l2l,Real-male-,What I disliked the most was that the Swig room was very small and there is nowhere to hang your stuff while showering except in the shower with you.,4,False,False,False,False,False,False,False,True,False,False,False,False,False,False,False
1440,1440,16c0apy,jzmlmik,YoCaliBro,"You may be right, I‚Äôm sure they‚Äôre super rare. The apartments are called the Domicilio. I don‚Äôt remember any singles, they might have some in Nobili hall, or in the off campus graduate housing that I never saw. Obviously any room can be a single but from what I remember most are for two.",1,False,False,False,False,False,False,False,False,False,False,False,False,False,True,False
1442,1442,167t3v5,jyrqive,OkDragonfruit5441,"Finn, Graham, villas, are a bit more competitive from my understanding since they are chill -> not much work.",2,True,True,False,False,False,False,False,False,False,False,False,False,False,False,False
1442,1442,167t3v5,jyrqive,OkDragonfruit5441,While swig dunne are less competitive since they just have a lot more going on.,2,False,False,False,False,False,False,False,True,False,False,False,False,False,False,False
1443,1443,167t3v5,jyrqpej,Majestic_Start_772,Can you apply to multiple? Like I‚Äôll be a senior for it so I kinda wanted to do villas and sobrato (I lived in the back building this past year). Thanks so much btw!,1,False,False,False,False,False,False,True,False,False,False,False,False,False,False,False
1457,1457,160fz2j,jxm7q2i,BaakCoi,Switching into Graham or Finn (arguably the two best dorms) is going to be nearly impossible.,13,True,True,False,False,False,False,False,False,False,False,False,False,False,False,False
1464,1464,160fz2j,jxm8u8f,Swapan280,"I was in Casa which had communal bathroom and they were pretty nice! They were also cleaned everyday so that was pretty convenient. If your unhappy with the bathroom situation, try switching to casa cuz u will have a higher chance and if u need to share a bathroom, it‚Äôs going to be pretty nice",3,False,False,False,False,False,False,False,False,False,False,True,False,False,False,False
1465,1465,160fz2j,jxwtwej,insta_username,"I work in the housing office (as a student). Basically your chances are applying during Fall quarter‚Äôs second week, which is when room change applications open. It‚Äôs not guaranteed, but it depends on other students who want to move. Still worth a try though.

But I second what another ex-housing staff member said here: dorms are dorms, and unfortunately not everyone gets the nicest ones‚Ä¶Flip isn‚Äôt that bad tbh, worst case if you don‚Äôt get to switch, you‚Äôll get used to it, don‚Äôt worry! And I hear the community is great.",2,False,False,False,False,False,False,False,False,True,False,False,False,False,False,False
1467,1467,160fz2j,jxs3zag,Legend225,I was in flip last year.,1,False,False,False,False,False,False,False,False,True,False,False,False,False,False,False
1467,1467,160fz2j,jxs3zag,Legend225,"I actually preferred it to my friends suite bc I didn‚Äôt have to worry about cleaning, the restroom would always be available since you can go to any floor on flip or campisi, and it was a good location and not that far from safeway.",1,False,False,False,True,False,False,False,False,True,False,False,False,False,False,False
1468,1468,160fz2j,jy23j3n,Rowan926,"The flip isn‚Äôt the worst dorm, but you‚Äôll be fine in it",1,False,False,False,False,False,False,False,False,True,False,False,False,False,False,False
1470,1470,160fz2j,jxmjz7r,JJYellowShorts,"I just looked online at the other dorm setups, I do plan to try and switch to either: Finn, Graham, Casa Italiana, Nobili, or Sobrato.",1,True,True,False,False,False,False,True,False,False,False,True,False,False,True,False
1473,1473,160fz2j,jxmk0k1,JJYellowShorts,"I just looked online at the other dorm setups, I do plan to try and switch to either: Finn, Graham, Casa Italiana, Nobili, or Sobrato.",1,True,True,False,False,False,False,True,False,False,False,True,False,False,True,False
1474,1474,160fz2j,jxm864x,JJYellowShorts,"When I went on the campus tour, they showed us Finn and Graham, and I thought, wow these dorms are nice!",0,True,True,False,False,False,False,False,False,False,False,False,False,False,False,False
1475,1475,160fz2j,jxp2at4,JJYellowShorts,"Makes sense, maybe next year I can try and get into either Graham, Finn, casa, nobili, or Sobrato",1,True,True,False,False,False,False,True,False,False,False,True,False,False,True,False
1476,1476,160fz2j,jxm9c4b,JJYellowShorts,"Sounds nice, but freshman don‚Äôt typically reside in casa right?",1,False,False,False,False,False,False,False,False,False,False,True,False,False,False,False
1477,1477,160fz2j,jxyreo2,Hot-Diet-607,Did you have a single in Casa? How was the room size?,1,False,False,False,False,False,False,False,False,False,False,True,False,False,False,False
1481,1481,160fz2j,k0x2mtq,B-Infinity,"Imposter, this guy lives in Sobrato smh (he's right tho)",1,False,False,False,False,False,False,True,False,False,False,False,False,False,False,False
1483,1483,160fz2j,jxzx6uz,lemonboy77,"If you want to change dorms next year, it‚Äôs essentially a lottery (and you‚Äôll probably get fucked). But look on the bright side‚Ä¶ you have priority at the Flip and will most likely get that dorm again.",1,False,False,False,False,False,False,False,False,True,False,False,False,False,False,False
1488,1488,160fz2j,k0x2zvr,Rowan926,Nah I was in swig struggling all year üò¢üò¢üôèüôèüôècannot relate to all those nice fellas in the best dorm (sobrato),1,False,False,False,False,False,False,True,True,False,False,False,False,False,False,False
1490,1490,160fz2j,jy0br3i,JJYellowShorts,Why should people that get the best dorms like Finn or Graham get priority the second year also?,1,True,True,False,False,False,False,False,False,False,False,False,False,False,False,False
1493,1493,160fz2j,jxs6lcy,JJYellowShorts,When does it get really bad in the flip with no AC? Like May/June? I do have a good fan though,1,False,False,False,False,False,False,False,False,True,False,False,False,False,False,False
1495,1495,160fz2j,jy0crvn,lemonboy77,No clue but I was a beneficiary of that policy. Finn hall both my frosh and soph year,1,False,True,False,False,False,False,False,False,False,False,False,False,False,False,False
1498,1498,160fz2j,k0xlwsr,Rowan926,Bet you‚Äôre a sobrato boy ü§£,1,False,False,False,False,False,False,True,False,False,False,False,False,False,False,False
1622,1622,13d7jv0,jjmw0df,Altruistic-Mammoth62,"I really don't know about the College of Arts and Sciences buildings, however, engineering is Sobrato Campus for Discovery and Innovation and Heafey. For anything Business, it's Lucas Hall.",1,False,False,False,False,False,False,True,False,False,False,False,False,False,False,False
1684,1684,12pr0ie,jgsg1gk,Long_Slong69,"usually swig, dunne, walsh, and campisi",1,False,False,False,True,False,False,False,True,False,False,False,True,False,False,False
1697,1697,12o2d90,jgjdk8l,ozymandias11,"Dunne or Swig. If you want to stay on campus for 2 years, I'd go Dunne. 1 year: I'd go Swig",2,False,False,False,False,False,False,False,True,False,False,False,False,False,False,False
1698,1698,12o2d90,jgipy4y,PrecautiousMoney,It‚Äôs a good option but if you want the true college socializing experience go to swig,1,False,False,False,False,False,False,False,True,False,False,False,False,False,False,False
1699,1699,12o2d90,jgl7jui,ExcellenttRectangle,"Dunne is slightly less social than swig but it‚Äôs a nicer building and you‚Äôll be able to sleep better while still being social. Dunne also has AC, while swig does not.",1,False,False,False,False,False,False,False,True,False,False,False,False,False,False,False
1752,1752,12a6gzv,jer3oi7,pinkpurple21,Definitely graham!,4,True,False,False,False,False,False,False,False,False,False,False,False,False,False,False
1752,1752,12a6gzv,jer3oi7,pinkpurple21,I‚Äôm living in Graham this year and it‚Äôs definitely social if you want it to be!,4,True,False,False,False,False,False,False,False,False,False,False,False,False,False,False
1752,1752,12a6gzv,jer3oi7,pinkpurple21,Swig and Dunne have lots of issues with noise/cleanliness and I would only really choose one of those if you‚Äôre the partying type,4,False,False,False,False,False,False,False,True,False,False,False,False,False,False,False
1754,1754,12a6gzv,jerxw9w,LS4delorean,lived in graham for 2 years and not social at all. People kept their doors closed and kept to themselves.,2,True,False,False,False,False,False,False,False,False,False,False,False,False,False,False
1757,1757,129drom,jemynvm,InternationalShape64,Finn is also pretty nice,2,False,True,False,False,False,False,False,False,False,False,False,False,False,False,False
1790,1790,11uz6a2,l0bkhj3,NoNetwork7433,"There are a lot of students who are unhappy at SCU. The morale, lack of support from teachers and administration, lack of community, dorms that have not been kept up, the list goes on. There were two suicides in just one year. The students tried to get help from the school with literally no response for months. The school tried to implement a wellness program right after the deaths, but it's a joke and all for appearances. The dorms are dilapidated with termite problems and mold issues. They do not clean them regularly and reek of throw up in every hallway, bathroom and elevators. There's a row of frat houses that surround the dorms where students party all night long every night of the week. They do their best to be loud so they can wake up the students living in dorms across the street, and literally yell, ""Wake up Swig!"" Contrary to what another person wrote, the party/frat culture dominates the school; SCU tops the charts as a well known party school. The teachers  seem to be here only for the job and take no interest in students. Good luck if you are actually ill and need to make up an exam, or if you are struggling with a course and need help. You're on your own and they will just tell you that you can take the course again next term.",1,False,False,False,False,False,False,False,True,False,False,False,False,False,False,False
1889,1889,10yz2h6,j82whf0,lemonboy77,Swig.,9,False,False,False,False,False,False,False,True,False,False,False,False,False,False,False
1889,1889,10yz2h6,j82whf0,lemonboy77,Lived in Finn the last two years and it‚Äôs definitely quiet but you can also find a super tight-knit group of friends; it‚Äôs all about what you make it.,9,False,True,False,False,False,False,False,False,False,False,False,False,False,False,False
1889,1889,10yz2h6,j82whf0,lemonboy77,"Personally, if I could do everything over again, I‚Äôd choose swig.",9,False,False,False,False,False,False,False,True,False,False,False,False,False,False,False
1889,1889,10yz2h6,j82whf0,lemonboy77,TLDR: Swig because you‚Äôll meet a fuckton of people.,9,False,False,False,False,False,False,False,True,False,False,False,False,False,False,False
1890,1890,10yz2h6,j86xpos,Here_Fo_Fun,"Swig is good if you like partying, want to be social, but are ok with it being a bit dirty.",4,False,False,False,False,False,False,False,True,False,False,False,False,False,False,False
1890,1890,10yz2h6,j86xpos,Here_Fo_Fun,Finn is lowkey a walk but very nice and not too social.,4,False,True,False,False,False,False,False,False,False,False,False,False,False,False,False
1891,1891,10yz2h6,j815e8r,Puzzleheaded_Map_873,I'd rank camp at three just because that is mostly freshmen and you're more likely to get in there (graham is mostly sophomores).,2,True,False,False,False,False,False,False,False,False,True,False,False,False,False,False
1891,1891,10yz2h6,j815e8r,Puzzleheaded_Map_873,I know ppl in camp and they like it--besides the bathrooms lol.,2,False,False,False,False,False,False,False,False,False,True,False,False,False,False,False
1892,1892,10yz2h6,j81z4gp,Klutzy-Fortune8543,"For what you‚Äôre looking for Dunne is a good option. I lived there my freshman year, it was social and the amenities are fine. Overall I would suggest graham tho because it would make it much easier to stay there as a sophomore.",2,True,False,False,False,False,False,False,False,False,False,False,False,False,False,False
1893,1893,10yz2h6,j83brb2,Redeclaw,In Graham this year and I can tell you that it‚Äôs nice but also hella quiet,2,True,False,False,False,False,False,False,False,False,False,False,False,False,False,False
1894,1894,10yz2h6,j9dc2t8,Valuable_Ad_5057,Graham is actually pretty good.  The CFs actually hold a lot of events to get everyone out of their rooms and socialize.  There are actually a pretty fair amount of people that show up to those things (including me lol).  The rooms are fairly new and the only issue I've had is my wall deco not sticking to the wall bc the paint is so new.  You should definitely shoot for a newer building! I'm biased obviously but I would put Graham at the top lol,1,True,False,False,False,False,False,False,False,False,False,False,False,False,False,False
1895,1895,10yz2h6,jd6zodx,PrecautiousMoney,If social life is THAT important to you just go to Swig for a true college freshman experience.,1,False,False,False,False,False,False,False,True,False,False,False,False,False,False,False
1895,1895,10yz2h6,jd6zodx,PrecautiousMoney,"But you can easily make friends and not rely on your residence hall for socializing and opt for a more comfortable option like graham, Finn or sobrato.",1,True,True,False,False,False,False,True,False,False,False,False,False,False,False,False
1896,1896,10yz2h6,j841en6,Even_Yogurtcloset_55,okay thanks! i‚Äôll think i‚Äôll put swig as #3,1,False,False,False,False,False,False,False,True,False,False,False,False,False,False,False
1897,1897,10yz2h6,j86v7mf,Even_Yogurtcloset_55,how does this work? does ranking graham higher as a freshman help me get in as a sophomore? or is it like if i get into graham freshman yr i‚Äôll be more likely to be able to stay sophomore year,1,True,False,False,False,False,False,False,False,False,False,False,False,False,False,False
1898,1898,10yz2h6,j85wzja,lemonboy77,"Here‚Äôs how I‚Äôd rank them if I were in your shoes: 

1) Dunne/Graham

2)Finn


3) Swig",1,True,True,False,False,False,False,False,True,False,False,False,False,False,False,False
1899,1899,10yz2h6,j86w8yp,Klutzy-Fortune8543,"Ya if you live in a dorm freshman year you will get priority to live there again sophomore year, that‚Äôs why so many people want graham and Finn bc they are pretty good overall and are nice for sophomores.",1,True,True,False,False,False,False,False,False,False,False,False,False,False,False,False
1900,1900,10yz2h6,j86xp67,Even_Yogurtcloset_55,"McLaughlin-Walsh
3.",1,False,False,False,False,False,False,False,False,False,False,False,True,False,False,False
1900,1900,10yz2h6,j86xp67,Even_Yogurtcloset_55,"Finn
4.",1,False,True,False,False,False,False,False,False,False,False,False,False,False,False,False
1900,1900,10yz2h6,j86xp67,Even_Yogurtcloset_55,"Graham
5.",1,True,False,False,False,False,False,False,False,False,False,False,False,False,False,False
1900,1900,10yz2h6,j86xp67,Even_Yogurtcloset_55,Swig,1,False,False,False,False,False,False,False,True,False,False,False,False,False,False,False
1901,1901,10yz2h6,j86ywl6,Klutzy-Fortune8543,Dunne/graham whichever is more appealing 2.,1,True,False,False,False,False,False,False,False,False,False,False,False,False,False,False
1901,1901,10yz2h6,j86ywl6,Klutzy-Fortune8543,Finn 3.,1,False,True,False,False,False,False,False,False,False,False,False,False,False,False,False
1901,1901,10yz2h6,j86ywl6,Klutzy-Fortune8543,Walsh/swig,1,False,False,False,False,False,False,False,True,False,False,False,True,False,False,False
1989,1989,zww0mm,j1ynqmt,usandfriends,"Congrats on your acceptance!

Yes, SCU classes are relatively small, and honors classes are even relatively smaller still. For example, one of my early mathematics courses only had 4 other students. You can‚Äôt really find a teacher-student ratio like that anywhere. Mostly though they will probably be similar size as regular courses, especially for the early core courses like CNI.

I don‚Äôt think the honors classes were that much more rigorous, I never had trouble with scheduling. Actually, I was on track to graduate a quarter early (however, the senior thesis classes kinda screwed with that). And for engineers there wasn‚Äôt much extra work needed for your senior thesis either. Also look into converting some regular courses into honors to fit your schedule, which usually just entails some extra work in the course‚Äôs final (depending on the professor). I would talk to the honors program manager to get specifics as they could‚Äôve changed since I attended.

I didn‚Äôt feel like there was much difference in the dorms (I was in Casa for my first two years, then commuted after). I think I had some more choices than my friends but I don‚Äôt remember seeing anything that stood out. Most of my suite-mates were not honors students. Maybe someone else can speak more on dorms since I commuted the last two years. I feel like being able to apply earlier to courses was more helpful than dorm choice perks.

Overall, I would recommend it for engineers (or at least COEN specifically) because of how lax the program requirements were for engineers at the time. And I don‚Äôt think there is any penalty for dropping from the program if you find it‚Äôs too much. Again, I‚Äôd double check as they could‚Äôve changed all those details since I attended.

Hope that helps a bit.",3,False,False,False,False,False,False,False,False,False,False,True,False,False,False,False
2118,2118,ygxkk0,j0s6nn9,iSezdis,Now read the info on dorms and Swig .,3,False,False,False,False,False,False,False,True,False,False,False,False,False,False,False
2118,2118,ygxkk0,j0s6nn9,iSezdis,"my son is a freshman in Swig but is on the ""better"" side.",3,False,False,False,False,False,False,False,True,False,False,False,False,False,False,False
2118,2118,ygxkk0,j0s6nn9,iSezdis,"The street side is hot and noisy and for the first few months, people outside yell, ""Wake up, Swig!""",3,False,False,False,False,False,False,False,True,False,False,False,False,False,False,False
2118,2118,ygxkk0,j0s6nn9,iSezdis,"Oftentimes Swig is thought to be the party dorm but it all depends on the students, as last year the floor was wild.",3,False,False,False,False,False,False,False,True,False,False,False,False,False,False,False
2118,2118,ygxkk0,j0s6nn9,iSezdis,"I think if you rank it in your top 3, you'll get it because many do not want Swig partiers.",3,False,False,False,False,False,False,False,True,False,False,False,False,False,False,False
2118,2118,ygxkk0,j0s6nn9,iSezdis,Finn is the one people want for its newness.,3,False,True,False,False,False,False,False,False,False,False,False,False,False,False,False
2118,2118,ygxkk0,j0s6nn9,iSezdis,Dunn is next to Swig and considered social too.,3,False,False,False,False,False,False,False,True,False,False,False,False,False,False,False
2120,2120,ygxkk0,j2ocmf0,Beginning-Desk5966,i was thinking about putting finn as my first choice dorm and having either campisi or sanfilippo as my second and third,1,False,True,True,True,False,False,False,False,False,False,False,False,False,False,False
2124,2124,yf1y5z,iu2zsdk,Long_Slong69,Some guy came all over the swig bathrooms on the fourth floor again,3,False,False,False,False,False,False,False,True,False,False,False,False,False,False,False
2125,2125,yf1y5z,iu1iozb,ca_republican,Classy as ever Swig,2,False,False,False,False,False,False,False,True,False,False,False,False,False,False,False
2155,2155,xsby81,iqjsw09,chumperx,hit up the sobrato family,6,False,False,False,False,False,False,True,False,False,False,False,False,False,False,False
2190,2190,x76mb5,inp4g9b,SwedishAviator,"I had a monitor and laptop stand fit with plenty of room on the desk provided. You should be ok. Moving large things into swig like a desk will be really tough as the elevators are quite busy, especially around move in. But other than that you are free to move things around!",1,False,False,False,False,False,False,False,True,False,False,False,False,False,False,False
2246,2246,wepuec,iiqt5al,Artistic_Kangaroo,"Swig rooms are pretty tight, I would only bring the essentials and not much more. You can always get more stuff as needed once you‚Äôve moved in.",3,False,False,False,False,False,False,False,True,False,False,False,False,False,False,False
2247,2247,wepuec,iitavrf,waffleseeds,Deffinantly a desk fan for swig. Shit got hot last year,2,False,False,False,False,False,False,False,True,False,False,False,False,False,False,False
2256,2256,wepd3o,ija59co,Artistic_Kangaroo,"The room numbering is sequential so even/odd has no bearing for which side of the building you‚Äôll be on. I‚Äôm almost certain that on both even and odd floors, rooms ending in 16 are campus side near the west end of the building. This will be quieter than street side however you may get some noise from stairwell doors and from the alley between swig and dunne. But you‚Äôre in swig, you‚Äôre gonna hear wake up swigs all the time no matter where you‚Äôre room is.",1,False,False,False,False,False,False,False,True,False,False,False,False,False,False,False
2257,2257,wepd3o,ipdjnx7,iSezdis,Correct. Odd room number but on campus side. Cannot hear ‚ÄúWake up Swig.‚Äù,1,False,False,False,False,False,False,False,True,False,False,False,False,False,False,False
2348,2348,vcvqgz,iciug84,JuhBurger,Dunne is a nice medium between swig and walsh.,1,False,False,False,False,False,False,False,True,False,False,False,True,False,False,False
2348,2348,vcvqgz,iciug84,JuhBurger,"Its air conditioned, a little more spacious than both, and right next to swig if you want more socializing.",1,False,False,False,False,False,False,False,True,False,False,False,False,False,False,False
2349,2349,vcvqgz,icjvtos,SwedishAviator,Definitely second most social and IMO a better time than Swig.,1,False,False,False,False,False,False,False,True,False,False,False,False,False,False,False
2349,2349,vcvqgz,icjvtos,SwedishAviator,Finn is super modern and people are social but not nearly the level of Dunne.,1,False,True,False,False,False,False,False,False,False,False,False,False,False,False,False
2350,2350,vcvqgz,id2unsw,dogsgocrazy,"Dunne is the best dorm on campus. Just lived on the fourth floor this year and absolutely loved it. It has newly renovated rooms which are 1.5x the size of swig, AC, balconies, a useful basement and is filled with cool people. My floor was more social than most of swig and had a ton of cool sophomores friends from Dunne. I also know a lot of fun sophomores that are living in Dunne next year which makes a bigger difference than you could imagine. People were always talking to each other and respectful of other peoples living situations which was not the case in swig. If I was a freshman again I would live in Dunne > Swig",1,False,False,False,False,False,False,False,True,False,False,False,False,False,False,False
2351,2351,vcvqgz,idrt18k,lightningpresto,Anything but Swig would be that for you honestly,1,False,False,False,False,False,False,False,True,False,False,False,False,False,False,False
2427,2427,uhwfz5,i78x695,ExcellenttRectangle,Swig and dunne are the most social but are far from quiet.,2,False,False,False,False,False,False,False,True,False,False,False,False,False,False,False
2427,2427,uhwfz5,i78x695,ExcellenttRectangle,"Sounds like Graham would be best for you, because it‚Äôs close to the library and to those social dorms and the parties.",2,True,False,False,False,False,False,False,False,False,False,False,False,False,False,False
2427,2427,uhwfz5,i78x695,ExcellenttRectangle,Maybe not quite as quiet as Graham but it‚Äôs more social from what I‚Äôve heard.,2,True,False,False,False,False,False,False,False,False,False,False,False,False,False,False
2428,2428,uhwfz5,i79ao94,Interesting-Catch-43,I agree that swig and dunne are the most social.,2,False,False,False,False,False,False,False,True,False,False,False,False,False,False,False
2428,2428,uhwfz5,i79ao94,Interesting-Catch-43,"None of the dorms are far from the frat houses, but dunne/ swig/ and mcwalsh are the closest.",2,False,False,False,False,False,False,False,True,False,False,False,False,False,False,False
2428,2428,uhwfz5,i79ao94,Interesting-Catch-43,"The closest one to the library is Graham, but again, campus is so small it doesn‚Äôt really matter.",2,True,False,False,False,False,False,False,False,False,False,False,False,False,False,False
2428,2428,uhwfz5,i79ao94,Interesting-Catch-43,"Casa is nice because you have a full suite with 7 other suite mates, which can be nice.",2,False,False,False,False,False,False,False,False,False,False,True,False,False,False,False
2428,2428,uhwfz5,i79ao94,Interesting-Catch-43,Finn and Graham are the newest.,2,True,True,False,False,False,False,False,False,False,False,False,False,False,False,False
2428,2428,uhwfz5,i79ao94,Interesting-Catch-43,"Swig is the most social and will give you the most ‚Äútypical‚Äù freshman year dorm room experience, but it‚Äôs definitely not quiet.",2,False,False,False,False,False,False,False,True,False,False,False,False,False,False,False
2428,2428,uhwfz5,i79ao94,Interesting-Catch-43,"It‚Äôs fairly social, but quieter than Swig.",2,False,False,False,False,False,False,False,True,False,False,False,False,False,False,False
2431,2431,ug34zv,i6xpq20,ExcellenttRectangle,"I believe casa, Sobrato, and swig are the only buildings with singles that you can select for non-CFs.",0,False,False,False,False,False,False,True,True,False,False,True,False,False,False,False
2431,2431,ug34zv,i6xpq20,ExcellenttRectangle,I would personally not recommend swig for an LGBTQ person.,0,False,False,False,False,False,False,False,True,False,False,False,False,False,False,False
2479,2479,u5d154,i54a3ec,Jafs44,Casa you‚Äôll have more roomates so that could be good or bad.,3,False,False,False,False,False,False,False,False,False,False,True,False,False,False,False
2479,2479,u5d154,i54a3ec,Jafs44,"Finn is basically a newer Graham, I actually really enjoyed living there!",3,True,True,False,False,False,False,False,False,False,False,False,False,False,False,False
2481,2481,u5d154,i51re61,ShatteredPixelz,"I had no problems partying at Graham plus the silence, ac, and own bathrooms of Graham helped me calm down at night or study.",1,True,False,False,False,False,False,False,False,False,False,False,False,False,False,False
2482,2482,u5d154,i6cyq1m,nardsacks,"Imma be honest all you really need to know about housing here for Freshman is that Finn and Graham are the two best dorms in terms of quality, Campisi and Sanfilippo are the worst dorms in terms of quality, and Swig is the go-to party/social dorm.",1,True,True,True,True,False,False,False,True,False,False,False,False,False,False,False
2482,2482,u5d154,i6cyq1m,nardsacks,can kind of fall in between the middle of Finn/Graham and Campisi/Sanfillipo quality-wise.,1,True,True,False,True,False,False,False,False,False,False,False,False,False,False,False
2511,2511,twwi2x,i3mve5r,themusician11,"I'm a CS Major that commutes as well, and I was assigned to Graham. I don't use it as a study space though, I usually go to the Library or SCDI.",2,True,False,False,False,False,False,False,False,False,False,False,False,False,False,False
2541,2541,tuy5cv,i36caxi,DigExtra260,"Quality wise, I would say Finn is the nicest RL.",7,False,True,False,False,False,False,False,False,False,False,False,False,False,False,False
2541,2541,tuy5cv,i36caxi,DigExtra260,But if you‚Äôre looking for a more social RL I‚Äôd suggest Dunne or Swig.,7,False,False,False,False,False,False,False,True,False,False,False,False,False,False,False
2541,2541,tuy5cv,i36caxi,DigExtra260,For privacy (which you‚Äôll come to find is very nice) I would heavily suggest the Sobrato suites.,7,False,False,False,False,False,False,True,False,False,False,False,False,False,False,False
2541,2541,tuy5cv,i36caxi,DigExtra260,"Sobrato is probably the most complete residence hall overall with a living room, stove, dishwasher, and bathroom/showers.",7,False,False,False,False,False,False,True,False,False,False,False,False,False,False,False
2541,2541,tuy5cv,i36caxi,DigExtra260,"If I was picking forms again, I would put Sobrato first.",7,False,False,False,False,False,False,True,False,False,False,False,False,False,False,False
2542,2542,tuy5cv,i43u81d,Long_boi_123,I'd recommend graham if you want something nice but quiet.,2,True,False,False,False,False,False,False,False,False,False,False,False,False,False,False
2542,2542,tuy5cv,i43u81d,Long_boi_123,Finn is very modern and also laid back.,2,False,True,False,False,False,False,False,False,False,False,False,False,False,False,False
2542,2542,tuy5cv,i43u81d,Long_boi_123,Swig and Dunne would be if you are very social.,2,False,False,False,False,False,False,False,True,False,False,False,False,False,False,False
2553,2553,tsu6hw,i2x0woo,thepronoobkq,"There‚Äôs a decent party life at SCU, esp in swig. The campus is stunning, and you are right next to San Jose for a proper clubbing/nightlife experience",1,False,False,False,False,False,False,False,True,False,False,False,False,False,False,False
2577,2577,tqu7d2,i2sukbn,Tiny-Mulberry-1300,Usually the athletes get priority on Graham although it could‚Äôve changed to Finn since it opened,2,True,True,False,False,False,False,False,False,False,False,False,False,False,False,False
2578,2578,tqu7d2,i2yu220,jdbf,"Pretty sure athletes get priority, then lead scholars etc, then it‚Äôs pretty much random but you should be able to get one of your top 3, especially if you are submitting housing app earlier than the other first years(those that don‚Äôt decide to attend scu until late). As for socialization even if you live w athletes you should still be able to find and make friends. Most social dorm is swig, you‚Äôll get to know everyone living on your floor but living quality ain‚Äôt the best.",2,False,False,False,False,False,False,False,True,False,False,False,False,False,False,False
2580,2580,tqu7d2,i2swyis,emilywu_22,Ohh you know I did see someone else say that they were in graham but their whole floor was all athletes so they weren‚Äôt rlly able to find their ppl (or group of friends)since they weren‚Äôt an athlete.,1,True,False,False,False,False,False,False,False,False,False,False,False,False,False,False
2580,2580,tqu7d2,i2swyis,emilywu_22,Would you say it‚Äôs harder to make friends if one were to live in graham or Finn over the standard double rooms?,1,True,True,False,False,False,False,False,False,False,False,False,False,False,False,False
2581,2581,tqu7d2,i2q2k0w,Jsnow_north_King,Yeah hopefully. I also have graham as one of my top choices,1,True,False,False,False,False,False,False,False,False,False,False,False,False,False,False
2582,2582,tqu7d2,i2sx32n,Tiny-Mulberry-1300,I lived with an athlete in casa and we had a decent friendship although their constantly gone during their season,2,False,False,False,False,False,False,False,False,False,False,True,False,False,False,False
2588,2588,tq9x5t,i2hcdy5,CharlesStross,"It may have changed, but I was under the impression Nobili was only available for juniors and seniors, and also that first years couldn't get single rooms unless it was for medical accommodations. 

Regardless, I would highly recommend against a single for first years. Socializing, learning to live with a roommate, and having some company are all really important things to adjust to when moving away from home, and you lose that in a single. So, generally, my answer would be ""No, a single room is never a good idea for a first year.""",7,False,False,False,False,False,False,False,False,False,False,False,False,False,True,False
2591,2591,tponr2,i2c5xx4,,"1. swig
2. mcwalsh or dunne
3. graham
4. campisi or sanfilippo
5. finn
6. casa/sobrato
7. nobili",10,True,True,True,True,False,False,True,True,False,False,True,False,False,True,False
2777,2777,s9viel,htpmbm4,Futureproducer99,"If you want the absolute best social life and don‚Äôt care as much about room quality and loudness, definitely go swig. If you care more about having a nice room but still want a good social life, go dunne.",10,False,False,False,False,False,False,False,True,False,False,False,False,False,False,False
2778,2778,s9viel,httpnjp,ca_republican,Dunne. Swig is hell for 90% of people,2,False,False,False,False,False,False,False,True,False,False,False,False,False,False,False
2779,2779,s9viel,hvj42nd,Long_boi_123,Swig is a bit of a monkey house tbh.,1,False,False,False,False,False,False,False,True,False,False,False,False,False,False,False
2809,2809,s5b9al,hswnyxf,missionbmw,I do believe that Nobili does not house freshman.,7,False,False,False,False,False,False,False,False,False,False,False,False,False,True,False
2809,2809,s5b9al,hswnyxf,missionbmw,"Either way, Nobili is out of the way, and filled with upperclassman.",7,False,False,False,False,False,False,False,False,False,False,False,False,False,True,False
2809,2809,s5b9al,hswnyxf,missionbmw,I would not choose Nobili.,7,False,False,False,False,False,False,False,False,False,False,False,False,False,True,False
2809,2809,s5b9al,hswnyxf,missionbmw,"Graham would fit you description well, but very hard to get as there is a high demand from most sophomores and freshman.",7,True,False,False,False,False,False,False,False,False,False,False,False,False,False,False
2809,2809,s5b9al,hswnyxf,missionbmw,Finn is a good second option.,7,False,True,False,False,False,False,False,False,False,False,False,False,False,False,False
2809,2809,s5b9al,hswnyxf,missionbmw,"It is not as social as Graham, but very nice.",7,True,False,False,False,False,False,False,False,False,False,False,False,False,False,False
2811,2811,s5b9al,ht0a1o4,ShatteredPixelz,Graham hall ftw. It's super central and quiet at the same time,2,True,False,False,False,False,False,False,False,False,False,False,False,False,False,False
2812,2812,s5b9al,htdmuvd,Ccarta21,I‚Äôm a freshman in swig and I rarely get woken up at night but my floor isn‚Äôt the loudest.,1,False,False,False,False,False,False,False,True,False,False,False,False,False,False,False
2812,2812,s5b9al,htdmuvd,Ccarta21,Dunne is probably best for you as it‚Äôs a larger version of swig and a bit less social but you‚Äôll still meet kids in your hall.,1,False,False,False,False,False,False,False,True,False,False,False,False,False,False,False
2812,2812,s5b9al,htdmuvd,Ccarta21,Finn is nice but one of the most dead freshman dorms.,1,False,True,False,False,False,False,False,False,False,False,False,False,False,False,False
2815,2815,s5b9al,hvji308,notaryn,"Decided to with:

1) Graham
2) Finn
3) Dunne

Just gonna see how social life is, I have no plans of joining a frat or anything.",2,True,True,False,False,False,False,False,False,False,False,False,False,False,False,False
2859,2859,r4rbz1,hmkr97l,sexy_recorder_player,this needs to end. i have a final and two big presentations this week but can‚Äôt focus on anything because how can we? having to go to class today and walk past swig was so fucking horrible.,8,False,False,False,False,False,False,False,True,False,False,False,False,False,False,False
2985,2985,pso654,hdtardz,SCUSKU,"I was able to install Phillips Hues in Graham. I had to set up my own network/router for the Phillips hue hub, and also had to reroute and cut some wires to bypass what I believe was a transformer for the default fluorescent lights. I was able to get Alexa set up with it, and it was pretty nice to be able to turn off the lights in our dorm room via voice. 

I probably would just recommend getting lamps though.",1,True,False,False,False,False,False,False,False,False,False,False,False,False,False,False
3111,3111,p3wnc7,h8uqbfm,Artistic_Kangaroo,"It all depends on the vibe you want in your room. You‚Äôre going to have a lot of room to work with in your Finn extended double. There‚Äôs definitely a good amount of people who bring furniture like you mentioned, just keep in mind you‚Äôll have to do something with it at the end of the year (donate it, put it in storage, or take it with you). Because of this and because I like having empty space, I personally keep extra furniture to a minimum. My overall suggestion for you on this would be to bring less than you think and then add what you want as the year goes on.

As far as laundry, you can pretty much do it whenever you‚Äôd like. I do laundry once a week and I bring about a week and half worth of normal clothes and then a couple sets of some warm clothes and some formal clothes. The machines aren‚Äôt free but they aren‚Äôt very expensive either, like roughly 2 bucks each for washing and drying (though they always seem to be going up in price). Worst case if you bring more clothes than you need in the Fall you can just take some back with you over Thanksgiving or Winter break.",3,False,True,False,False,False,False,False,False,False,False,False,False,False,False,False
3116,3116,p3wnc7,h8yqqxc,Speedbird216,"If that's your preference. I don't like bean bags, so I didn't bring any. FYI, Finn has a lot of meeting rooms very close the the dorms, so you'll never be far from a comfortable chair if you don't bring one yourself.",3,False,True,False,False,False,False,False,False,False,False,False,False,False,False,False
3178,3178,osk81m,h6p1p4i,CharlesStross,"Unless you have mobility issues, yes you can get from Casa to Recital Hall which is the longest line you can draw on the longest axis of campus in under ten minutes no problem.",3,False,False,False,False,False,False,False,False,False,False,True,False,False,False,False
3576,3576,n68sh0,gx6338c,dencalin,"Wifi is generally acceptable, nothing special. All one mesh network, too, so you'll have access basically anywhere on campus. In my experience it was pretty good for gaming and both of my dorms (Dunne and Nobili) also had an ethernet jack in the rooms.

I'm unaware of any blocked content, but obviously avoid pirating stuff off of school internet or you might get kicked off.",5,False,False,False,False,False,False,False,False,False,False,False,False,False,True,False
3805,3805,mf06la,gsl7apk,Artistic_Kangaroo,"Swig doesn‚Äôt have ac, just heating",3,False,False,False,False,False,False,False,True,False,False,False,False,False,False,False
3806,3806,mf06la,gsl9l3r,yeezytf,Singles in Casa Vintage have no AC,3,False,False,False,False,False,False,False,False,False,False,True,False,False,False,False
3807,3807,mf06la,gskpjiu,TheCableTurnedOff060,All of them have AC. However the ACs in the Flip don‚Äôt work. I lived there when I was a freshman.,-2,False,False,False,False,False,False,False,False,True,False,False,False,False,False,False
3809,3809,mf06la,gslx1an,_Mad_Max__,Swig does not have AC,3,False,False,False,False,False,False,False,True,False,False,False,False,False,False,False
3864,3864,m8i6px,grojo66,SCUSKU,"Congrats on the scholarship! That in and of itself is a big accomplishment, and personally I would consider that enough to make the decision. That being said, from the friends I've had in the Civil Engineering program, they all love it because it is a very small and tightly knit group of passionate students. I think you'll find plenty of support, success, and energy from your peers and professors within the Civil Engineering program. Additionally, you can make tons of friends via the dorm you choose to live in (the more social the better, i.e. Swig, Dunne), the clubs/sororities/fraternities you join, and also meeting people through classes. SCU is also a few hours to a bunch of outdoorsy places like Tahoe (skiing), Santa Cruz (surfing), and hiking spots all around in the surrounding hills. Not to mention SF, Carmel, Berkely, etc.

I would say the only downside SCU has compared to a large sized school is smaller facilities and a lack of major sporting events. That said, a new engineering building is currently under construction that is frankly massive, so that problem will go away within a year or so. We would love to welcome you to the Bronco family and I sincerely hope you choose SCU! Congrats!",3,False,False,False,False,False,False,False,True,False,False,False,False,False,False,False
4021,4021,kxpxqv,gjbwypo,iEshkker,Graham is pretty hard to get into mostly because it‚Äôs one of the newest buildings and their dorms are really comfortable and big considering it‚Äôs 2 people and you share a bathroom with another 2,3,True,False,False,False,False,False,False,False,False,False,False,False,False,False,False
4023,4023,kxpxqv,gjenjk9,Bronco687,Swig fall 2021 bouta be crazy as fuck,1,False,False,False,False,False,False,False,True,False,False,False,False,False,False,False
4024,4024,kxpxqv,gjdsg09,waffleseeds,"Well this is my freshman year. I got into Dunne for when they thought COVID wasn't going to be a problem. Then when they were going to do one person per dorm, I was reassigned to Graham. The hard part right now isn't getting in, bur rather being able to be on campus in general.",1,True,False,False,False,False,False,False,False,False,False,False,False,False,False,False
4029,4029,kogufc,l5so978,DifferentTax7203,"Old thread, but I‚Äôm a junior at SCU now and been hosting some house games in Casa Italiana or my house (0.3 miles from campus), we can always pick u up via carpool if u live on campus and don‚Äôt have a car, buy in is $25 but it‚Äôs friendly games, nobody is a pro, just here to have fun, if ur interested DM me!",1,False,False,False,False,False,False,False,False,False,False,True,False,False,False,False
